agt	CHANGES.md
automata	CHANGES
automgrp	NEWS
biogap	ChangeLog
CaratInterface	Changelog
corelg	CHANGES.md
cryst	Changelog
crystcat	Changelog
design	CHANGES.md
example	CHANGES
gbnp	Changelog
grape	CHANGES.md
groupoids	CHANGES.md
guava	CHANGES
hecke	CHANGES
HeLP	CHANGES
ibnp	CHANGES.md
idrel	CHANGES.md
intpic	CHANGELOG
kan	CHANGES.md
linboxing	CHANGES
LocalNR	changelog
NoCK	CHANGES
numericalsgps	CHANGES
profiling	HISTORY.md
qpa	CHANGES
quagroup	CHANGES.md
quickcheck	history.md
rcwa	CHANGES.md
resclasses	CHANGES
rig	CHANGES
sgpdec	ChangeLog
sgpviz	CHANGES
smallsemi	CHANGELOG
sophus	CHANGES.md
subsemi	ChangeLog
SymbCompCC	CHANGES
typeset	CHANGELOG.md
unipot	CHANGES.md
utils	CHANGES.md
xmod	CHANGES.md
xmodalg	CHANGES.md
