ace	CHANGES.md
aclib	CHANGES.md
alnuth	CHANGES.md
autpgrp	CHANGES.md
CanonicalPcPres	CHANGES.md
ClassicalMaximals	CHANGES.md
cohomolo	CHANGES
crime	CHANGES.md
cubefree	CHANGES.md
curlInterface	CHANGES
cvec	CHANGES
datastructures	CHANGES.md
DeepThought	CHANGES.md
FactInt	CHANGES.md
format	CHANGES.md
FPLSA	CHANGES
fwtree	CHANGES.md
genss	CHANGES
grpconst	CHANGES.md
hapcryst	CHANGES.md
images	CHANGES.md
InduceReduce	CHANGES.md
io	CHANGES
itc	CHANGES
kbmag	CHANGES
liealgdb	CHANGES.md
liepring	CHANGES.md
Memoisation	CHANGES
modisom	CHANGES.md
NormalizInterface	CHANGES
nq	CHANGES.md
openmath	CHANGES
orb	CHANGES
PackageMaker	CHANGES.md
PackageManager	CHANGES.md
perfgrp	CHANGES.md
permut	CHANGES.md
polenta	CHANGES
polycyclic	CHANGES.md
polymaking	CHANGES.md
primgrp	CHANGES.md
radiroot	CHANGES.md
rds	CHANGES.md
recog	CHANGES
repsn	CHANGES.md
sglppow	CHANGES.md
smallgrp	CHANGES.md
sotgrps	CHANGES.md
xgap	CHANGES
ZeroMQInterface	CHANGES.md
